ticker,start,end
A,2000-06-05,
AAL,2015-03-23,2024-09-23
AAP,2015-07-09,2023-08-25
AAPL,1996-01-02,
ABBV,2013-01-02,
ABMD,2018-05-31,2022-12-22
ABNB,2023-09-18,
ABT,1996-01-02,
ACGL,2022-11-01,
ACN,2011-07-06,
ADBE,1997-05-06,
ADI,1999-10-12,
ADM,1996-01-02,
ADP,1996-01-02,
ADSK,1996-01-02,
AEE,1996-01-02,
AEP,1996-01-02,
AES,1998-10-02,
AET,1996-01-02,2018-11-29
AFL,1999-05-28,
AGN,1996-01-02,2020-05-12
AIG,1996-01-02,
AIV,2003-03-14,2020-12-21
AIZ,2007-04-10,
AJG,2016-05-31,
AKAM,2007-07-12,
ALB,2016-07-01,
ALGN,2017-06-19,
ALK,2016-05-13,2023-10-18
ALL,1996-01-02,
ALLE,2013-12-02,
ALXN,2012-05-25,2021-07-21
AMAT,1996-01-02,
AMCR,2019-06-07,
AMD,2017-03-20,
AME,2013-09-23,
AMG,2014-07-01,2019-12-23
AMGN,1996-01-02,
AMP,2005-10-03,
AMT,2007-11-19,
AMTM,2024-09-30,2024-12-23
AMZN,2005-11-21,
ANDV,2007-09-27,2018-10-01
ANET,2018-08-28,
ANSS,2017-06-19,2025-07-18
AON,1996-04-23,
AOS,2017-07-26,
APA,1997-07-28,
APC,1997-07-28,2019-08-09
APD,1996-01-02,
APH,2008-09-30,
APO,2024-12-23,
APP,2025-09-22,
APTV,2012-12-24,
ARE,2017-03-20,
ARES,2025-12-11,
ARNC,1996-01-02,2020-04-06
ATO,2019-02-15,
ATVI,2015-08-31,2023-10-18
AVB,2007-01-10,
AVGO,2014-05-08,
AVY,1996-01-02,
AWK,2016-03-04,
AXON,2023-05-04,
AXP,1996-01-02,
AYI,2016-05-03,2018-06-18
AZO,1997-01-02,
BA,1996-01-02,
BAC,1996-01-02,
BALL,1996-01-02,
BAX,1996-01-02,
BBT,1997-12-04,2019-12-09
BBWI,2021-08-03,2024-10-01
BBY,1999-06-30,
BDX,1996-01-02,
BEN,1998-04-29,
BF-B,1996-01-02,
BFH,2013-12-23,2020-06-22
BG,2023-03-15,
BHF,2017-08-07,2019-04-02
BHGE,1996-01-02,2019-10-18
BIIB,2003-11-13,
BIO,2020-06-22,2024-09-23
BK,1996-01-02,2026-05-21
BKNG,2009-11-06,
BKR,2019-10-18,
BLDR,2023-10-18,
BLK,2011-04-04,
BMY,1996-01-02,
BNY,2026-05-21,
BR,2018-06-18,
BRK-B,2010-02-16,
BRO,2021-09-20,
BSX,1996-01-02,
BWA,2011-12-19,2025-03-24
BX,2023-09-18,
BXP,2006-04-03,
C,1996-01-02,
CA,1996-01-02,2018-11-06
CAG,1996-01-02,
CAH,1997-05-27,
CARR,2020-04-03,
CASY,2026-04-09,
CAT,1996-01-02,
CB,1996-01-02,
CBOE,2017-03-01,
CBRE,2006-11-10,
CBS,1996-01-02,2019-12-05
CCI,2012-03-13,
CCL,1998-12-22,
CDNS,2017-09-18,
CDW,2019-09-23,
CE,2018-12-24,2025-03-24
CEG,2022-02-02,
CELG,2006-11-06,2019-11-21
CERN,2010-04-30,2022-06-08
CF,2008-08-27,
CFG,2016-02-01,
CHD,2015-12-29,
CHK,2006-03-03,2018-03-19
CHRW,2007-03-02,
CHTR,2016-09-08,
CI,1996-01-02,
CIEN,2026-02-09,
CINF,1997-12-18,
CL,1996-01-02,
CLX,1996-01-02,
CMA,1996-01-02,2024-06-24
CMCSA,1996-01-02,
CME,2006-08-11,
CMG,2011-04-28,
CMI,1996-01-02,
CMS,1999-05-03,
CNC,2016-03-30,
CNP,1996-01-02,
COF,1998-07-01,
COHR,2026-03-23,
COIN,2025-05-19,
COL,2001-07-02,2018-11-27
COO,2016-09-23,
COP,1996-01-02,
COR,2001-08-30,
COST,1996-01-02,
COTY,2016-10-03,2020-09-21
CPAY,2018-06-20,
CPB,1996-01-02,
CPRI,2013-11-13,2020-05-12
CPRT,2018-07-02,
CPT,2022-04-04,
CRH,2025-12-22,
CRL,2021-05-14,
CRM,2008-09-15,
CRWD,2024-06-24,
CSCO,1996-01-02,
CSGP,2022-09-19,
CSRA,2015-11-30,2018-04-04
CSX,1996-01-02,
CTAS,2001-03-01,
CTLT,2020-09-21,2024-12-23
CTRA,2008-06-23,2026-05-07
CTSH,2006-11-17,
CTVA,2019-06-03,
CTXS,1999-12-01,2022-10-03
CVNA,2025-12-22,
CVS,1996-01-02,
CVX,1996-01-02,
CXO,2016-02-22,2021-01-21
CZR,2021-03-22,2025-09-22
D,1996-01-02,
DAL,2013-09-11,
DASH,2025-03-24,
DAY,2021-09-20,2026-02-09
DD,2019-06-03,
DDOG,2025-07-09,
DE,1996-01-02,
DECK,2024-03-18,
DELL,2024-09-23,
DFS,2007-07-02,2025-05-19
DG,2012-12-03,
DGX,2002-12-12,
DHI,2005-07-05,
DHR,1998-11-18,
DIS,1996-01-02,
DISCA,2010-03-01,2022-04-11
DISCK,2014-08-07,2022-04-11
DISH,2017-03-13,2023-06-20
DLR,2016-05-18,
DLTR,2011-12-19,
DOC,2019-11-05,
DOV,1996-01-02,
DOW,2019-04-02,
DPZ,2020-05-12,
DRE,2017-07-26,2022-10-03
DRI,1996-01-02,
DTE,1996-01-02,
DUK,1996-01-02,
DVA,2008-07-31,
DVN,2000-08-30,
DWDP,2017-09-01,2019-06-03
DXC,2017-04-04,2023-10-02
DXCM,2020-05-12,
EA,2002-07-22,
EBAY,2002-07-22,
ECL,1996-01-02,
ED,1996-01-02,
EFX,1997-06-19,
EG,2017-06-19,
EIX,1996-01-02,
EL,2006-01-05,
ELV,2002-07-25,
EME,2025-09-22,
EMN,1996-01-02,2025-11-04
EMR,1996-01-02,
ENPH,2021-01-07,2025-09-22
EOG,2000-11-02,
EPAM,2021-12-14,2026-06-02
EQIX,2015-03-23,
EQR,2001-12-03,
EQT,2008-12-19,2018-11-13
EQT,2022-10-03,
ERIE,2024-09-23,
ES,2009-03-17,
ESRX,2003-09-26,2018-12-21
ESS,2014-04-02,
ETFC,2004-04-01,2020-10-07
ETN,1996-01-02,
ETR,1996-01-02,
ETSY,2020-09-21,2024-09-23
EVHC,2016-12-02,2018-10-11
EVRG,2018-06-05,
EW,2011-04-01,
EXC,1996-01-02,
EXE,2025-03-24,
EXPD,2007-10-10,
EXPE,2007-10-02,
EXR,2016-01-19,
F,1996-01-02,
FANG,2018-12-03,
FAST,2008-09-15,
FBIN,2016-06-24,2022-12-19
FCX,1996-01-02,
FDS,2021-12-20,
FDX,1996-01-02,
FDXF,2026-06-01,
FE,1996-01-02,
FFIV,2010-12-20,
FI,2001-04-02,
FICO,2023-03-20,
FIS,2006-11-10,
FITB,1996-03-08,
FIX,2025-12-22,
FL,2016-04-04,2019-08-09
FLIR,2009-01-02,2021-05-14
FLR,2000-12-22,2019-06-03
FLS,2008-10-02,2021-03-22
FMC,2009-08-19,2025-03-24
FOX,2015-09-21,
FOXA,2004-12-20,
FRC,2019-01-02,2023-05-04
FRT,2016-02-01,
FSLR,2022-12-19,
FTI,2009-06-05,2021-02-12
FTNT,2018-10-11,
FTV,2016-07-05,
GD,1996-01-02,
GDDY,2024-06-24,
GE,1996-01-02,
GEHC,2023-01-04,
GEN,2003-03-31,
GEV,2024-04-03,
GGP,2013-12-10,2018-08-28
GILD,2004-07-01,
GIS,1996-01-02,
GL,1996-01-02,
GLW,1996-01-02,
GM,2013-06-07,
GNRC,2021-03-22,
GOOG,2014-04-03,
GOOGL,2006-04-03,
GPC,1996-01-02,
GPN,2016-04-25,
GPS,1996-01-02,2022-02-02
GRMN,2012-12-12,
GS,2002-07-22,
GT,1996-01-02,2019-02-27
GWW,1996-01-02,
HAL,1996-01-02,
HAS,1996-01-02,
HBAN,1997-08-06,
HBI,2015-03-23,2021-12-20
HCA,2015-01-27,
HCP,2008-03-31,2019-11-05
HD,1996-01-02,
HES,1996-01-02,2025-07-23
HFC,2018-06-18,2021-06-04
HIG,1996-01-02,
HII,2018-01-03,
HLT,2017-06-19,
HOG,2000-01-31,2020-06-22
HOLX,2016-03-30,2026-04-09
HON,1996-01-02,
HOOD,2025-09-22,
HP,2010-03-01,2020-05-22
HPE,2015-11-02,
HPQ,1996-01-02,
HRB,1996-01-02,2020-09-21
HRL,2009-03-04,
HSIC,2015-03-18,
HST,2007-03-20,
HSY,1996-01-02,
HUBB,2023-10-18,
HUM,1996-01-02,
HWM,2020-04-06,
IBKR,2025-08-28,
IBM,1996-01-02,
ICE,2007-09-26,
IDXX,2017-01-05,
IEX,2019-08-09,
IFF,1996-01-02,
ILMN,2015-11-19,2024-06-24
INCY,2017-02-28,
INFO,2017-06-02,2022-03-02
INTC,1996-01-02,
INTU,2000-12-11,
INVH,2022-09-19,
IP,1996-01-02,
IPG,1996-01-02,2025-11-28
IPGP,2018-03-07,2022-06-21
IQV,2017-08-29,
IR,2010-11-17,
IRM,2009-01-06,
ISRG,2008-06-02,
IT,2017-04-05,
ITW,1996-01-02,
IVZ,2008-08-21,
J,2019-12-10,
JBHT,2015-07-01,
JBL,2023-10-18,
JCI,1996-01-02,
JEC,2007-10-26,2019-12-10
JEF,2007-08-27,2019-09-26
JKHY,2018-11-13,
JNJ,1996-01-02,
JNPR,2006-06-02,2025-07-09
JPM,1996-01-02,
JWN,1996-01-02,2020-06-22
K,1996-01-02,2025-12-11
KDP,2008-10-07,2018-07-02
KDP,2022-06-21,
KEY,1996-01-02,
KEYS,2018-11-06,
KHC,2015-07-06,
KIM,2006-04-03,
KKR,2024-06-24,
KLAC,1997-09-15,
KMB,1996-01-02,
KMI,2012-05-25,
KMX,2010-06-28,2025-10-31
KO,1996-01-02,
KR,1996-01-02,
KSS,1998-08-14,2020-09-21
KSU,2013-05-24,2021-12-14
KVUE,2023-08-25,
L,1996-01-02,
LB,1996-01-02,2021-08-03
LDOS,2019-08-09,
LEG,1999-10-18,2021-12-20
LEN,2005-10-04,
LH,2004-11-01,
LHX,2008-09-22,
LII,2024-12-23,
LIN,2018-11-06,
LITE,2026-03-23,
LKQ,2016-05-23,2025-12-22
LLL,2004-12-01,2019-07-01
LLY,1996-01-02,
LMT,1996-01-02,
LNC,1996-01-02,2023-09-18
LNT,2016-07-01,
LOW,1996-01-02,
LRCX,2012-06-05,
LULU,2023-10-18,
LUMN,1999-03-25,2023-03-20
LUV,1996-01-02,
LVS,2019-10-03,
LW,2018-12-03,2026-03-23
LYB,2012-09-05,
LYV,2019-12-23,
M,1996-01-02,2020-04-06
MA,2008-07-18,
MAA,2016-12-02,
MAC,2013-05-09,2019-12-23
MAR,1998-05-21,
MAS,1996-01-02,
MAT,1996-01-02,2019-06-07
MCD,1996-01-02,
MCHP,2007-09-07,
MCK,1999-01-13,
MCO,1996-01-02,
MDLZ,2007-04-02,
MDT,1996-01-02,
MET,2000-12-11,
META,2013-12-23,
MGM,2017-07-26,
MHK,2013-12-23,2025-12-22
MKC,2003-03-21,
MKTX,2019-07-01,2025-09-22
MLM,2014-07-02,
MMC,1996-01-02,2026-01-14
MMM,1996-01-02,
MNST,2012-06-29,
MO,1996-01-02,
MOH,2022-03-02,2026-03-23
MON,2002-08-14,2018-06-07
MOS,2011-09-26,
MPC,2011-07-01,
MPWR,2021-02-12,
MRK,1996-01-02,
MRNA,2021-07-21,
MRO,1996-01-02,2024-11-26
MRSH,2026-01-14,
MS,1996-01-02,
MSCI,2018-04-04,
MSFT,1996-01-02,
MSI,1996-01-02,
MTB,2004-02-27,
MTCH,2021-09-20,2026-03-23
MTD,2016-09-06,
MU,1996-01-02,
MXIM,2018-12-03,2021-08-30
MYL,2004-04-23,2020-11-17
NAVI,2014-05-01,2018-06-05
NBL,2007-10-08,2020-10-12
NCLH,2017-10-13,
NDAQ,2008-10-22,
NDSN,2022-02-15,
NEE,1996-01-02,
NEM,1996-01-02,
NFLX,2010-12-20,
NFX,2010-12-20,2019-02-15
NI,2000-11-02,
NKE,1996-01-02,
NKTR,2018-03-19,2019-10-03
NLSN,2013-07-09,2022-10-12
NOC,1996-01-02,
NOV,2005-03-14,2021-09-20
NOW,2019-11-21,
NRG,2010-01-29,
NSC,1996-01-02,
NTAP,1999-06-25,
NTRS,1998-01-30,
NUE,1996-01-02,
NVDA,2001-11-30,
NVR,2019-09-26,
NWL,1996-01-02,2023-09-18
NWS,2015-09-21,
NWSA,2013-07-01,
NXPI,2021-03-22,
O,2015-04-07,
ODFL,2019-12-09,
OGN,2021-06-04,2023-10-18
OKE,2010-03-15,
OMC,1997-12-24,
ON,2022-06-21,
ORCL,1996-01-02,
ORLY,2009-03-27,
OTIS,2020-04-03,
OXY,1996-01-02,
PANW,2023-06-20,
PARA,2006-01-03,2025-08-08
PAYC,2020-01-28,2026-03-23
PAYX,1998-10-01,
PBCT,2008-11-13,2022-04-04
PCAR,1996-01-02,
PCG,1996-01-02,2019-01-18
PCG,2022-10-03,
PDCO,2005-10-11,2018-03-19
PEG,1996-01-02,
PENN,2021-03-22,2022-09-19
PEP,1996-01-02,
PFE,1996-01-02,
PFG,2002-07-22,
PG,1996-01-02,
PGR,1997-08-04,
PH,1996-01-02,
PHM,1996-01-02,
PKG,2017-07-26,
PLD,2003-07-17,
PLTR,2024-09-23,
PM,2008-03-31,
PNC,1996-01-02,
PNR,2012-10-01,
PNW,1999-10-04,
PODD,2023-03-15,
POOL,2020-10-07,
PPG,1996-01-02,
PPL,1996-01-02,
PRGO,2011-12-19,2021-09-20
PRU,2002-07-22,
PSA,2005-08-19,
PSKY,2025-08-08,
PSX,2012-05-01,
PTC,2021-04-20,
PVH,2013-02-14,2022-09-19
PWR,2009-07-01,
PX,1996-01-02,2018-10-31
PXD,2008-09-24,2024-05-08
PYPL,2015-07-20,
QCOM,1999-07-22,
QRVO,2015-06-12,2024-12-23
RCL,2014-12-05,
REG,2017-03-02,
REGN,2013-05-01,
RF,1998-08-28,
RHI,2000-12-05,2024-06-24
RHT,2009-07-27,2019-07-15
RJF,2017-03-20,
RL,2007-02-02,
RMD,2017-07-26,
ROK,1996-01-02,
ROL,2018-10-01,
ROP,2009-12-23,
ROST,2009-12-21,
RRC,2007-12-21,2018-06-18
RSG,2008-12-05,
RTN,1996-01-02,2020-04-06
RTX,1996-01-02,
RVTY,1996-01-02,
SATS,2026-03-23,
SBAC,2017-09-01,
SBNY,2021-12-20,2023-03-15
SBUX,2000-06-08,
SCG,2009-01-02,2019-01-02
SCHW,1997-06-02,
SEDG,2021-12-20,2023-10-18
SEE,1998-04-01,2023-10-18
SHW,1996-01-02,
SIG,2015-07-29,2018-03-19
SIVB,2018-03-19,2023-03-15
SJM,2008-11-06,
SLB,1996-01-02,
SLG,2015-03-23,2021-03-22
SMCI,2024-03-18,
SNA,1996-01-02,
SNDK,2025-11-28,
SNI,2008-07-01,2018-03-07
SNPS,2017-03-16,
SO,1996-01-02,
SOLS,2025-10-30,2025-12-22
SOLV,2024-04-03,
SPG,2002-06-26,
SPGI,1996-01-02,
SRCL,2008-11-19,2018-12-03
SRE,1998-06-29,
STE,2019-12-23,
STI,1996-01-02,2019-12-09
STLD,2022-12-22,
STT,1997-08-18,
STX,2012-07-02,
STZ,2005-07-05,
SW,2024-07-08,
SWK,1996-01-02,
SWKS,2015-03-12,
SYF,2015-11-18,
SYK,2000-12-12,
SYY,1996-01-02,
T,1996-01-02,
TAP,1996-01-02,
TDG,2016-06-03,
TDY,2020-06-22,
TECH,2021-08-30,
TEL,2011-10-17,
TER,2020-09-21,
TFC,2019-12-09,
TFX,2019-01-18,2025-03-24
TGT,1996-01-02,
TIF,2000-06-21,2021-01-07
TJX,1996-01-02,
TKO,2025-03-24,
TMO,1997-01-02,
TMUS,2019-07-15,
TNL,2006-08-01,2018-05-31
TPL,2024-11-26,
TPR,2004-09-01,
TRGP,2022-10-12,
TRIP,2011-12-21,2019-12-23
TRMB,2021-01-21,
TROW,1999-10-13,
TRV,1996-01-02,
TSCO,2014-01-24,
TSLA,2020-12-21,
TSN,2005-08-11,
TSS,2008-01-02,2019-09-23
TT,2020-03-03,
TTD,2025-07-18,
TTWO,2018-03-19,
TWTR,2018-06-07,2022-11-01
TWX,1996-01-02,2018-06-15
TXN,1996-01-02,
TXT,1996-01-02,
TYL,2020-06-22,
UA,2016-04-08,2022-06-21
UAA,2014-05-01,2022-06-21
UAL,2015-09-03,
UBER,2023-10-18,
UDR,2016-03-07,
UHS,2014-09-22,
ULTA,2016-04-18,
UNH,1996-01-02,
UNM,1996-01-02,2021-09-20
UNP,1996-01-02,
UPS,2002-07-22,
URI,2014-09-22,
USB,1996-01-02,
V,2009-12-21,
VAR,2007-02-12,2021-04-20
VEEV,2026-05-07,
VFC,1996-01-02,2024-04-03
VICI,2022-06-08,
VLO,2004-04-29,
VLTO,2023-10-02,
VMC,1999-07-01,
VNO,2005-08-12,2023-01-04
VNT,2020-10-12,2021-03-22
VRSK,2015-10-08,
VRSN,2006-02-01,
VRT,2026-03-23,
VRTX,2013-09-23,
VST,2024-05-08,
VTR,2009-03-04,
VTRS,2020-11-17,
VZ,1996-01-02,
WAB,2019-02-27,
WAT,2002-01-02,
WBA,1996-01-02,2025-08-28
WBD,2022-04-11,
WCG,2018-09-17,2020-01-28
WDAY,2024-12-23,
WDC,2009-07-01,
WEC,2008-10-31,
WELL,2009-01-30,
WFC,1996-01-02,
WHR,1996-01-02,2024-03-18
WM,1998-07-17,
WMB,1996-01-02,
WMT,1996-01-02,
WRB,2019-12-05,
WRK,2015-07-02,2024-07-08
WSM,2025-03-24,
WST,2020-05-22,
WTW,2016-01-05,
WU,2006-10-02,2021-12-20
WY,1996-01-02,
WYNN,2008-11-14,
XEC,2014-06-20,2020-03-03
XEL,1996-01-02,
XL,2001-09-04,2018-09-12
XLNX,1999-11-08,2022-02-15
XOM,1996-01-02,
XRAY,2008-11-14,2024-04-03
XRX,1996-01-02,2021-03-22
XYL,2011-11-01,
XYZ,2025-07-23,
YUM,1997-10-07,
ZBH,2001-08-07,
ZBRA,2019-12-23,
ZION,2001-06-25,2024-03-18
ZTS,2013-06-24,
